{
    "": 0.00659364995932666,
    "شهران شمالی": 0.004835898294329431,
    "دولت‌آباد": 0.000692427938033875,
    "ظهیرآباد": 0.009535693919752754,
    "شهرک صدرا": 0.015413847877720691,
    "طوس": 0.004271535880753938,
    "دربند": 0.017323490716187665,
    "امیریه": 0.0012719059594748382,
    "مجیدیه": 0.0008742626622017134,
    "یافت‌آباد": 0.010940369408370667,
    "تسلیحات": 0.0029981368831305854,
    "توحید": 0.004483497839164764,
    "نارمک جنوبی": 0.003856108398436606,
    "ایرانشهر": 0.002912386651980077,
    "شهرک کیانشهر": 0.0037191935569243326,
    "تهرانپارس غربی": 0.004259374821749728,
    "نازی‌آباد": 0.0006066498040636216,
    "آذری": 0.008547331672100363,
    "کاشانک": 0.0035358040144461223,
    "وحیدیه": 0.005289817745659772,
    "اسکندری": 0.008904687884498328,
    "نیلوفر": 0.0026920998423084954,
    "صاحب الزمان": 0.005556082663980648,
    "پلیس": 0.008474131129127671,
    "شهرک ژاندارمری": 0.0029696758629094875,
    "الهیه": 0.01163969512273222,
    "نصرت": 0.009613917219713754,
    "کوی بیمه": 0.00521904377726614,
    "شاهین": 0.0026250096569733917,
    "اوین": 0.006245512015607347,
    "محمودیه": 0.0007437920253798762,
    "ستارخان": 0.0019352533877048544,
    "باغ فیض": 0.006429891032114595,
    "مجیدآباد": 0.005795356792508513,
    "زرکش": 0.006310982808440173,
    "دروازه شمیران": 0.01151295249294376,
    "اندیشه (شهر زیبا)": 0.006588990076709062,
    "شهرآرا": 0.0024343138007963424,
    "لشکر": 0.011542741439608496,
    "نظام‌آباد": 0.007973795428008705,
    "ارم": 0.0053243634342521615,
    "جوادیه": 0.003583902232132358,
    "قنات‌کوثر": 0.0024680948403624286,
    "سلیمانی": 0.014350195317059986,
    "هفت چنار": 0.0019706826134525198,
    "بهاران": 0.004846021223022795,
    "جمهوری": 0.0012802612336068565,
    "کرمان": 0.001547342891983211,
    "هفت حوض": 0.0007754822542137303,
    "دریا": 0.0016525447014866638,
    "شهرک نفت (منطقه ۱)": 0.014826392733279818,
    "یوسف‌آباد": 0.0032209648179686206,
    "مخصوص": 0.008113755466667556,
    "امیرآباد": 0.00043163490234692013,
    "شادمهر": 0.0027016045325428902,
    "امامت": 0.001100468592815604,
    "آهنگ": 0.0037252127783579305,
    "دروس": 0.010056884632091928,
    "منیریه": 0.00936052711683588,
    "شهرک غرب": 0.006873102307871802,
    "نیرو هوایی": 0.0011366547216819904,
    "شمس‌آباد": 0.004732047831247776,
    "دهکده المپیک": 0.0022244888831303286,
    "خزانه": 0.008528708555776383,
    "جی": 0.0007999491527740861,
    "شریف": 0.003432535291190763,
    "ظفر": 0.001578541049528311,
    "شهرک شهید باقری": 0.007515720617952961,
    "یاخچی‌آباد": 0.004182500221317619,
    "سازمان آب": 0.012980724512396392,
    "فیروزآبادی": 3.6233196496766426e-05,
    "شهرک شریعتی": 0.004158703325763716,
    "دولتخواه": 0.0038045480165899283,
    "توانیر": 0.007075885285009396,
    "مینا": 0.01223087682664878,
    "خانی‌آباد نو": 0.008061102522451053,
    "شکوفه": 0.012344605602301753,
    "امامزاده قاسم": 0.0032126634144006125,
    "پونک": 0.001931915253286177,
    "جیحون": 0.0058770440143480875,
    "شهرک آزادی": 0.017230280539661105,
    "جنت‌آباد مرکزی": 0.004705719667627517,
    "شهرک محلاتی": 0.002545258211478887,
    "شیخ هادی": 0.006554385668513189,
    "آبشار": 0.0018795122727287025,
    "خانی‌آباد": 0.029571252410053064,
    "نارمک": 0.0006153210229121106,
    "شهرک راه‌آهن": 0.0048732420846851025,
    "بلوار کشاورز": 0.012804326143421633,
    "دارآباد": 0.000346504762288116,
    "اقدسیه": 0.015344419121247503,
    "اباذر": 0.005743549726637487,
    "تهران‌ویلا": 0.011518445042966782,
    "نیاوران": 0.00855300640846045,
    "درب دوم": 0.0038216449806306534,
    "میرداماد": 0.0003175983927181872,
    "عبدل‌آباد": 5.9348263418463754e-05,
    "ولنجک": 0.010753500339782217,
    "کوی مهران": 0.001188137363059997,
    "گرگان": 0.0026400015760633996,
    "نواب": 0.006045827952052236,
    "خواجه نصیر طوسی": 0.00017098964129704056,
    "سرو آزاد": 0.0012370823835371372,
    "میدان حر": 0.00853880347179479,
    "دکتر هوشیار": 0.009428538368745276,
    "مدائن": 0.0037473747392160694,
    "حافظیه": 0.0025089779188709727,
    "شهید دستغیب": 0.006470969410526189,
    "دیلمان": 0.0032826381819863895,
    "جلفا": 0.0023400055905162405,
    "شیان": 0.013991567528562445,
    "کامرانیه": 0.007473807000719652,
    "کوهک": 0.004335205019360027,
    "جماران": 0.016118249405568344,
    "سرآسیاب مهرآباد": 0.005856222351642008,
    "پاتریس لومومبا": 0.002130741013442288,
    "ارامنه": 0.0003372145901752402,
    "جوانمرد قصاب": 0.009226335066726842,
    "پرستار": 0.0016267275423003723,
    "شمیران‌نو": 0.007336391472439469,
    "گمرک": 0.010965413134087349,
    "آرژانتین": 0.002607329011621534,
    "دریاچه شهدای خلیج فارس": 0.006698355823691863,
    "مهرآباد جنوبی": 0.007615613333839701,
    "خلیج فارس": 0.018744565688189004,
    "استاد معین": 0.004157790205272271,
    "شهران جنوبی": 0.003987451393986948,
    "زاهد گیلانی": 0.00031737695215733845,
    "ابوذر (منطقه ۱۵)": 0.0013841874465787662,
    "زنجان": 0.005984352713661518,
    "میدان ولیعصر": 0.00024033329542688672,
    "دانشگاه شریف": 0.0072040145213234635,
    "اختیاریه": 0.008573575384175627,
    "حکیمیه": 0.00801670483970336,
    "دریان‌نو": 0.009538250500446975,
    "شهرک پرواز": 0.001219271345910644,
    "چیتگر": 0.002609265772310445,
    "تهران‌سر": 0.0067945679809270736,
    "دزاشیب": 0.0009254367767888439,
    "نجات اللهی": 0.009044975022262708,
    "شهر زیبا": 0.00876186744081066,
    "المهدی": 0.0012157527342849816,
    "ائمه اطهار": 0.0023713994554050355,
    "آسمان": 0.028316569994443284,
    "لویزان": 0.004148845795768618,
    "حکمت": 0.00010139545866560242,
    "بهار": 0.003310413190939641,
    "حشمتیه": 0.0006733042018568431,
    "زرگنده": 0.03472142160013634,
    "کوی فردوس": 0.002906322369055149,
    "امیر بهادر": 0.0046025482681609185,
    "گاندی": 0.012506072924765632,
    "مشیریه": 0.0015119864850228594,
    "باغ فردوس": 0.012076980874031378,
    "عباس‌آباد": 0.011277898736457726,
    "سنایی": 0.009220497666817682,
    "مسعودیه": 0.01239048413314939,
    "چیذر": 0.00491657104733104,
    "فدک": 0.006607440243370869,
    "فلاح": 0.00013678876401643163,
    "هوانیروز": 0.009048872200428595,
    "سرتخت": 0.0014470353153985054,
    "میدان انقلاب": 0.004003310788089945,
    "مرزداران": 0.0068782929773740075,
    "تهرانپارس شرقی": 0.0009992148575510415,
    "دانشگاه علم و صنعت": 0.0019698467348635254,
    "جنت‌آباد شمالی": 0.0006428021449294691,
    "شهرک ولیعصر": 0.004476072351387564,
    "شوش": 0.061283606697920906,
    "جوادیه تهرانپارس": 0.015713776110176693,
    "قلهک": 0.00036736073030597743,
    "سپهر": 0.0022590417657694724,
    "پاسداران": 0.008407043868874947,
    "درکه": 0.016257925956849457,
    "هروی": 0.0011620061502813825,
    "سلسبیل": 0.004210762428024664,
    "صادقیه": 0.0028464362838967502,
    "کوی فراز": 0.006655850561920855,
    "جمال‌زاده": 0.00513846608484364,
    "آجودانیه": 0.005582909244585086,
    "حسین‌آباد": 0.0016148042469973309,
    "تجریش": 0.01733222745768487,
    "اوقاف": 0.0012365685783227963,
    "امام حسین(ع)": 0.007308126045809612,
    "نعمت‌آباد": 0.008403926751559071,
    "قیطریه": 0.0009316716571159671,
    "اراج": 0.007322306464713242,
    "دردشت": 0.018879733795724784,
    "وردآورد": 0.020014467109969115,
    "خاک سفید": 0.0028570549023256005,
    "شهرک نفت (منطقه ۵)": 0.002752869723332586,
    "کاظم‌آباد": 0.009247988469597384,
    "دولاب": 0.006036018367175221,
    "جردن": 0.0025867665739270408,
    "گیشا (کوی نصر)": 0.0038220426954206463,
    "ایران": 0.0020039050616418707,
    "افسریه": 0.006002518982634172,
    "بهجت‌آباد": 0.00928178943762204,
    "آذربایجان": 0.0066592629929596026,
    "چهارصد دستگاه": 0.0001274997685919045,
    "هاشمی": 0.009213816799556076,
    "امانیه": 0.010872761701018857,
    "قبا": 0.00802422579982359,
    "تهران‌نو": 0.008295533553813645,
    "زیبادشت": 0.0014808326028355554,
    "بریانک": 0.0019086136717196905,
    "سیدخندان": 0.0009840735468857802,
    "فاطمی": 0.0051602005011178766,
    "ازگل": 0.004422436727304437,
    "ونک": 0.010277220588697891,