{
    "هروی": 0.0035861149982811696,
    "کوی فردوس": 0.006587254775745238,
    "قیطریه": 0.004143975224928084,
    "سوهانک": 0.00359205882156506,
    "جمال‌زاده": 0.0018593791067247631,
    "وردآورد": 0.0006806284012335045,
    "مسعودیه": 0.0024539788545058826,
    "ظفر": 0.002414021174362746,
    "اوقاف": 0.003659351788976758,
    "حکمت": 0.0110851149008304,
    "میرداماد": 0.00461896969327043,
    "شهرک نفت (منطقه ۵)": 0.0011913068187717455,
    "نیلوفر": 0.0023398949815607354,
    "یافت‌آباد": 0.0026645937924230038,
    "توحید": 0.007044192447029703,
    "دهکده المپیک": 0.006296236334319577,
    "فلاح": 0.010477160839785234,
    "تهران‌ویلا": 0.004996740355683083,
    "سلسبیل": 0.00460283239912893,
    "ولنجک": 0.010668821125617942,
    "شهر زیبا": 0.004137246711384069,
    "دروس": 0.011845000340840038,
    "جردن": 0.01031694231351354,
    "نارمک": 0.0020955749057590795,
    "اقدسیه": 0.02301096808436837,
    "حشمتیه": 0.004497673018787028,
    "جنت‌آباد شمالی": 0.0015091735751041316,
    "ارامنه": 0.0007107127216994979,
    "شهرک راه‌آهن": 0.004587269592929448,
    "شهرک پرواز": 0.0027029270889963363,
    "گیشا (کوی نصر)": 0.009551434568382748,
    "قنات‌کوثر": 0.0056881621653859064,
    "نیاوران": 0.009608007144635866,
    "یوسف‌آباد": 0.00412480499926677,
    "دبستان": 0.0014912941063580365,
    "چیتگر": 0.0002895641960028452,
    "المهدی": 0.0052106493616846505,
    "بهجت‌آباد": 0.021111265654357888,
    "شهرک شریعتی": 0.0026360330878467497,
    "پاتریس لومومبا": 0.0059905143309081305,
    "جی": 0.006334615538344097,
    "اوین": 0.005483473573134944,
    "دیلمان": 0.0052801521263694945,
    "نازی‌آباد": 0.008472353445024852,
    "خانی‌آباد نو": 0.0019855136722846845,
    "مهرآباد جنوبی": 0.0016596197781554912,
    "اختیاریه": 0.01817988035507014,
    "اکباتان": 0.001869699061278143,
    "سبلان": 0.0011718354298034747,
    "پاسداران": 0.008004277720093945,
    "شهران شمالی": 0.0008380411286186404,
    "مجیدیه": 0.006884664304347343,
    "تجریش": 0.0046621326793290395,
    "شکوفه": 0.012054840707574276,
    "شهرک ولیعصر": 0.004516238981020745,
    "درکه": 0.033492832589840656,
    "دارآباد": 0.003506589896144169,
    "عباس‌آباد": 0.01510595406319654,
    "کوی مهران": 0.0032100539238104097,
    "دربند": 0.018769233234522193,
    "بریانک": 0.010790025352187853,
    "قبا": 0.006504414020797473,
    "قلهک": 0.001778328138406506,
    "اراج": 0.017621460953724917,
    "تسلیحات": 0.015050200389533233,
    "میدان ولیعصر": 0.002904323672455702,
    "الهیه": 0.013689005776703782,
    "نواب": 0.001039183476905832,
    "سرو آزاد": 0.007608291320042469,
    "دردشت": 0.024585621341312737,
    "ازگل": 0.008452503088307327,
    "وحیدیه": 0.0056262249969817385,
    "کرمان": 0.0011492115755730877,
    "دکتر هوشیار": 0.005007597298096554,
    "زعفرانیه": 0.0059384915458635164,
    "جنت‌آباد مرکزی": 0.0014539597718158756,
    "دانشگاه علم و صنعت": 0.012768162938843189,
    "نیرو هوایی": 0.00230106158407374,
    "کوی فراز": 0.012291560704159623,
    "پرستار": 0.009376086465139676,
    "شهرک کیانشهر": 0.00018556294512215392,
    "نظام‌آباد": 0.004628248453690552,
    "جلفا": 0.0060035278609624505,
    "شمیران‌نو": 0.0008596498920061269,
    "مرزداران": 0.006998458287612589,
    "فرمانیه": 0.00998294689336001,
    "زرگنده": 0.0346528118560161,
    "امامزاده قاسم": 0.0018755014826571403,
    "پلیس": 0.01417317606465993,
    "پونک": 0.0009365394340609307,
    "جنت‌آباد جنوبی": 0.003871147753189816,
    "سهروردی": 0.00940858199244887,
    "توانیر": 0.016460048923923363,
    "بلوار کشاورز": 0.018795390012637577,
    "اباذر": 0.005506313934630446,
    "سعادت‌آباد": 0.008555892804712372,
    "آهنگ": 0.003212336744080848,
    "دولت‌آباد": 0.004484218648503488,
    "ابوذر (منطقه ۱۵)": 0.003020710048551006,
    "شهرک شهید باقری": 0.007850737844937885,
    "آذربایجان": 0.002319116388278654,
    "تهران‌نو": 0.008226089540656012,
    "شهران جنوبی": 0.0011667115977729346,
    "افسریه": 0.0025148516680616926,
    "ارم": 0.003181250929284936,
    "کوی بیمه": 0.000969895833570789,
    "کامرانیه": 0.008509222376072764,
    "شهرک ژاندارمری": 0.00021706990749064878,
    "شهرک نفت (منطقه ۱)": 0.008442068002861219,
    "صادقیه": 0.008666954466954974,
    "شادمهر": 0.0031861219145180044,
    "آجودانیه": 0.009663241267001929,
    "سنایی": 0.0024706609119491117,
    "حکیمیه": 0.006466151112208363,
    "خواجه نصیر طوسی": 0.005508165534141991,
    "باغ فیض": 0.0019709559053810275,
    "ونک": 0.0158869835749621,
    "کاشانک": 0.0063149368912758345,
    "آبشار تهران": 0.00012621966772305654,
    "سازمان برنامه": 0.01749069849573468,
    "خواجه نظام الملک": 0.004148769956192652,
    "سپهر": 0.000952916459827116,
    "شمس‌آباد": 0.0063309544239938745,
    "جماران": 0.021335863640595597,
    "تهران‌سر": 0.00226749795856744,
    "استخر": 0.000923462993599565,
    "نارمک جنوبی": 0.0009324810527487722,
    "دروازه شمیران": 0.01245696989742972,
    "کوهک": 0.0021656119343946172,
    "هاشمی": 0.005241761780308852,
    "جمهوری": 0.0003204629841107084,
    "گرگان": 0.0074395744247457846,
    "امیریه": 0.001909518478997636,
    "هفت حوض": 0.0030205956863269532,
    "منیریه": 0.02739020872751391,
    "کاظم‌آباد": 0.000527989435364922,
    "فدک": 0.008309132928319512,
    "سیدخندان": 0.004277360407692856,
    "شیان": 0.016848106132818483,
    "درب دوم": 0.005263944458630565,
    "دانشگاه شریف": 0.0025763135032793767,
    "دریاچه شهدای خلیج فارس": 0.003372841240589543,
    "ستارخان": 0.0015480611868373892,
    "باغ فردوس": 0.023353355381543827,
    "بهار": 0.003642404965797375,
    "دریان‌نو": 0.011659195441604753,
    "شهرک غرب": 0.006910392620635238,
    "حسین‌آباد": 0.013204245921904082,
    "طرشت": 0.0050056095994554985,
    "پیروزی": 0.0036568579937192726,
    "جیحون": 0.004432189588959519,
    "امامت": 0.005515267921826564,
    "استاد معین": 0.001929828886559814,
    "آذری": 0.004130595203007412,
    "محمودیه": 0.019974794051864964,
    "دزاشیب": 0.0006535049711546113,
    "امیرآباد": 0.0023357007401512866,
    "فاطمی": 0.0009048263865477942,
    "لویزان": 0.005507763539058364,
    "جوادیه تهرانپارس": 0.0006567065508849777,
    "شاهین": 0.001068205957883827,
    "تهرانپارس شرقی": 0.0044454628869519605,
    "مدائن": 0.0008957869061423575,
    "دریا": 0.005071312053752917,
    "تهرانپارس غربی": 0.007932280260398205,
    "شهرآرا": 0.0015658381889565793,
    "امانیه": 0.005068911220305355,
    "شریف": 0.0003897229714736599
}