{
    "ولنجک": 0.01031104466224427,
    "شهران شمالی": 0.004407619577707508,
    "الهیه": 0.013689005776703782,
    "ونک": 0.014192336199653197,
    "تهرانپارس شرقی": 0.009279948937030833,
    "چیتگر": 0.0021997073443722724,
    "زعفرانیه": 0.004290328748977019,
    "تهران‌سر": 0.007945967051054081,
    "نیرو هوایی": 0.0004469663881346352,
    "نیاوران": 0.0080329606668482,
    "اختیاریه": 0.010505955238797743,
    "شهرک راه‌آهن": 0.004343152669794051,
    "شهر زیبا": 0.008910115576335668,
    "قیطریه": 0.0005751696170647846,
    "کامرانیه": 0.008509222376072764,
    "ظفر": 0.003636509038120116,
    "ستارخان": 0.005072328684127571,
    "جنت‌آباد شمالی": 0.001090812274013835,
    "پونک": 0.002574780418469955,
    "دروس": 0.011676670232219586,
    "جردن": 0.006468846631681578,
    "پاسداران": 0.007098585889510605,
    "امیرآباد": 0.002434196281325145,
    "جنت‌آباد جنوبی": 8.559911241139468e-05,
    "سلسبیل": 0.0025490975213614876,
    "باغ فیض": 0.005392462940065546,
    "سهروردی": 0.0036292342338054,
    "سرو آزاد": 0.003266154964649723,
    "جنت‌آباد مرکزی": 0.005577172272491437,
    "هروی": 0.0017637413641325057,
    "میرداماد": 0.0026844428077083316,
    "تهرانپارس غربی": 0.005159246557500243,
    "شهرک غرب": 0.007072961168392985,
    "فرمانیه": 0.00990704549346753,
    "نارمک": 8.667689101629591e-05,
    "دریاچه شهدای خلیج فارس": 0.006593706877021432,
    "شهران جنوبی": 0.0014594220695932076,
    "سیدخندان": 9.772382839748165e-05,
    "کوی فردوس": 0.006043650697575972,
    "سعادت‌آباد": 0.0066444568764016075,
    "یوسف‌آباد": 0.004652078398702398,
    "شمس‌آباد": 0.00554551755541343,
    "پیروزی": 0.0011651902327164002,
    "جیحون": 0.006974594050813271,
    "گیشا (کوی نصر)": 0.005522966826739069,
    "مرزداران": 0.005631892108337267,
    "سازمان برنامه": 0.015133346136906766,
    "ازگل": 0.007315410223450875,
    "اقدسیه": 0.017750898295957062
}